 [
  {
  "featureType": "administrative",
  "elementType": "labels.text.fill",
  "stylers": [
              {
              "color": "#AAAAAA"
              }
              ]
  },
  {
  "featureType": "landscape",
  "elementType": "all",
  "stylers": [
              {
              "color": "#D9EEEF"
              }
              ]
  },
  {
  "featureType": "poi",
  "elementType": "all",
  "stylers": [
              {
              "visibility": "on"
              }
              ]
  },
  {
  "featureType": "road",
  "elementType": "all",
  "stylers": [
              {
              "saturation": -40
              },
              {
              "lightness": 25
              }
              ]
  },
  {
  "featureType": "road.highway",
  "elementType": "all",
  "stylers": [
              {
              "visibility": "simplified"
              }
              ]
  },
  {
  "featureType": "road.arterial",
  "elementType": "labels.icon",
  "stylers": [
              {
              "visibility": "on"
              }
              ]
  },
  {
  "featureType": "transit",
  "elementType": "all",
  "stylers": [
              {
              "visibility": "on"
              }
              ]
  },
  {
  "featureType": "water",
  "elementType": "all",
  "stylers": [
              {
              "color": "#46bcec"
              },
              {
              "visibility": "on"
              }
              ]
  }
  ]
