 [
  {
  "featureType": "administrative",
  "elementType": "all",
  "stylers": [
              {
              "saturation": "-100"
              }
              ]
  },
  {
  "featureType": "administrative.province",
  "elementType": "all",
  "stylers": [
              {
              "visibility": "off"
              }
              ]
  },
  {
  "featureType": "landscape",
  "elementType": "all",
  "stylers": [
              {
              "saturation": -100
              },
              {
              "lightness": 65
              },
              {
              "visibility": "on"
              }
              ]
  },
  {
  "featureType": "poi",
  "elementType": "all",
  "stylers": [
              {
              "saturation": -100
              },
              {
              "lightness": "50"
              },
              {
              "visibility": "simplified"
              }
              ]
  },
  {
  "featureType": "road",
  "elementType": "all",
  "stylers": [
              {
              "saturation": "-100"
              }
              ]
  },
  {
  "featureType": "road.highway",
  "elementType": "all",
  "stylers": [
              {
              "visibility": "simplified"
              }
              ]
  },
  {
  "featureType": "road.arterial",
  "elementType": "all",
  "stylers": [
              {
              "lightness": "10"
              }
              ]
  },
  {
  "featureType": "road.local",
  "elementType": "all",
  "stylers": [
              {
              "lightness": "20"
              }
              ]
  },
  {
  "featureType": "transit",
  "elementType": "all",
  "stylers": [
              {
              "saturation": -100
              },
              {
              "visibility": "simplified"
              }
              ]
  },
  {
  "featureType": "water",
  "elementType": "geometry",
  "stylers": [
              {
              "hue": "#ffff00"
              },
              {
              "lightness": -15
              },
              {
              "saturation": -70
              }
              ]
  },
  {
  "featureType": "water",
  "elementType": "labels",
  "stylers": [
              {
              "lightness": 10
              },
              {
              "saturation": 10
              }
              ]
  }
  ]
